{
    "screws": [
        {
            "position_robot": [
                1025.946119251881,
                -356.3711400394079,
                1039.3359431370218
            ],
            "orientation_robot": [
                -0.3373787170155432,
                -0.939838071462478,
                0.053655938547356126
            ],
            "position_camera": [
                39.70198462877823,
                240.9838255630298,
                772.3001098632812
            ],
            "orientation_camera": [
                0.9397345226429645,
                0.3398531163205976,
                -0.037401688199572805
            ]
        },
        {
            "position_robot": [
                1025.946119251881,
                -356.3711400394079,
                1039.3359431370218
            ],
            "orientation_robot": [
                -0.3373787170155432,
                -0.939838071462478,
                0.053655938547356126
            ],
            "position_camera": [
                39.70198462877823,
                240.9838255630298,
                772.3001098632812
            ],
            "orientation_camera": [
                0.9397345226429645,
                0.3398531163205976,
                -0.037401688199572805
            ]
        },
        {
            "position_robot": [
                1025.946119251881,
                -356.3711400394079,
                1039.3359431370218
            ],
            "orientation_robot": [
                -0.3373787170155432,
                -0.939838071462478,
                0.053655938547356126
            ],
            "position_camera": [
                39.70198462877823,
                240.9838255630298,
                772.3001098632812
            ],
            "orientation_camera": [
                0.9397345226429645,
                0.3398531163205976,
                -0.037401688199572805
            ]
        },
        {
            "position_robot": [
                1264.4335596009219,
                -191.50950286650405,
                1299.2757295540982
            ],
            "orientation_robot": [
                0.3478381757564932,
                0.9247032903881361,
                -0.1546974076140139
            ],
            "position_camera": [
                -120.32629760542726,
                2.880798317492008,
                509.0088195800781
            ],
            "orientation_camera": [
                -0.9262129312758627,
                -0.35058178407118634,
                0.13864349467190382
            ]
        },
        {
            "position_robot": [
                1185.11226796342,
                -349.74821274747393,
                1287.6359648762927
            ],
            "orientation_robot": [
                0.971369977321439,
                -0.20040899198405007,
                0.12757558452345577
            ],
            "position_camera": [
                37.50341180335604,
                82.55581763386726,
                523.4498901367188
            ],
            "orientation_camera": [
                0.20488856437788244,
                -0.970482565020826,
                -0.12721740123807165
            ]
        },
        {
            "position_robot": [
                1267.3607818058858,
                -288.48992036089044,
                1299.3537416977902
            ],
            "orientation_robot": [
                0.5376123691762653,
                0.8353591736794018,
                -0.11465981651087787
            ],
            "position_camera": [
                -23.350262126367287,
                0.19261371412060477,
                510.49432373046875
            ],
            "orientation_camera": [
                -0.8357554567100658,
                -0.5400131766096835,
                0.09949163616740951
            ]
        },
        {
            "position_robot": [
                1331.1833222560658,
                -464.8971117601552,
                1300.3413544430173
            ],
            "orientation_robot": [
                0.7612491242247957,
                -0.648283838271789,
                -0.0150667083815087
            ],
            "position_camera": [
                153.20954559947222,
                -63.19213486936959,
                512.1757202148438
            ],
            "orientation_camera": [
                0.6498642156624819,
                -0.7596932361332693,
                0.023295668583405486
            ]
        },
        {
            "position_robot": [
                1241.6667455201673,
                -350.7665501233181,
                1288.7412999324872
            ],
            "orientation_robot": [
                -0.06597057037142853,
                0.9977705977194397,
                -0.010040772016029396
            ],
            "position_camera": [
                38.68152748148709,
                26.007604122161865,
                522.19189453125
            ],
            "orientation_camera": [
                -0.997965248655206,
                0.06348297951212153,
                -0.005939174085375228
            ]
        },
        {
            "position_robot": [
                1241.6667455201673,
                -350.7665501233181,
                1288.7412999324872
            ],
            "orientation_robot": [
                -0.06597057037142853,
                0.9977705977194397,
                -0.010040772016029396
            ],
            "position_camera": [
                38.68152748148709,
                26.007604122161865,
                522.19189453125
            ],
            "orientation_camera": [
                -0.997965248655206,
                0.06348297951212153,
                -0.005939174085375228
            ]
        },
        {
            "position_robot": [
                1241.6667455201673,
                -350.7665501233181,
                1288.7412999324872
            ],
            "orientation_robot": [
                -0.06597057037142853,
                0.9977705977194397,
                -0.010040772016029396
            ],
            "position_camera": [
                38.68152748148709,
                26.007604122161865,
                522.19189453125
            ],
            "orientation_camera": [
                -0.997965248655206,
                0.06348297951212153,
                -0.005939174085375228
            ]
        },
        {
            "position_robot": [
                1241.0977051681652,
                -359.220242872484,
                1288.8950924031162
            ],
            "orientation_robot": [
                -0.9935679764363952,
                0.11182776692955028,
                -0.017782892362789602
            ],
            "position_camera": [
                47.135150844145585,
                26.59792123870416,
                522.1768798828125
            ],
            "orientation_camera": [
                -0.11459570500460924,
                0.9932316036516382,
                0.0189421725810796
            ]
        },
        {
            "position_robot": [
                1241.0977051681652,
                -359.220242872484,
                1288.8950924031162
            ],
            "orientation_robot": [
                -0.9935679764363952,
                0.11182776692955028,
                -0.017782892362789602
            ],
            "position_camera": [
                47.135150844145585,
                26.59792123870416,
                522.1768798828125
            ],
            "orientation_camera": [
                -0.11459570500460924,
                0.9932316036516382,
                0.0189421725810796
            ]
        },
        {
            "position_robot": [
                1241.0977051681652,
                -359.220242872484,
                1288.8950924031162
            ],